SupplierID	SupplierName	ContactName	Phone	Address
1	Jones Ltd	Jennifer Le PhD	+1-868-605-4566x825	"155 Beth Ramp
Howardmouth, MN 30310"
2	Garcia-Olson	Meghan Brown	716-872-5170x68627	"0667 Tyler Extensions Apt. 771
Janetmouth, CA 87832"
3	Crawford, Russo and Pace	Roberta Phillips	964.304.1365x5575	"6064 Miller Plain Apt. 442
Jacquelineland, TX 10480"
4	Klein, Martin and Snyder	Jack Hines	(378)349-2482x146	"8187 Michael Branch
West Vanessa, NY 54726"
5	Jackson, Braun and Smith	Amber Decker	237.223.6360x2958	"28080 Nelson Turnpike Suite 066
South Sethville, FM 46081"
6	Rice PLC	Timothy Davis	395.654.6334x9988	"04437 Riley Rue Suite 878
West Omarshire, ND 22814"
7	Mckinney Ltd	Shawn Hart	+1-968-550-8059x6657	"190 Wallace Pines
West Mariaburgh, MT 54517"
8	Phillips-Avila	Jennifer Vazquez	560-427-3586x45304	"33798 Reyes Center Apt. 240
Benitezfurt, WV 98705"
9	Brooks-Franklin	Andrew Bell	001-994-523-6177x829	"453 Hubbard Fork
Jaredshire, CT 83393"
10	Olson and Sons	Priscilla Frey	925.817.2868x5163	"PSC 3616, Box 2686
APO AP 07827"
11	Peterson Inc	Carla Perry	(581)669-1048x1268	"2413 Obrien Locks
West Melissaton, TX 84370"
12	Stone LLC	Jason Mitchell	001-591-546-9703	"29074 Zachary View Apt. 040
Zamoraville, RI 67317"
13	Lloyd PLC	Lauren Pham	(244)756-1776x1528	"5044 James Radial
Allenville, CO 49588"
14	Simpson, Doyle and White	Cameron Martin	+1-562-412-8146x8986	"8136 Becky Street Suite 732
South Grant, FM 23178"
15	Wilson LLC	Alan Bates	6898831691	"3856 Taylor Ford
North Micheal, MP 51923"
16	Allen-Hendricks	Leon Williams	(985)617-7339x1656	"02738 Monica Circle
Angelachester, NE 38423"
17	Hodge-Mccarthy	Javier Sparks	(385)872-1273x639	"6049 Anthony Club
Port Joshuahaven, SC 72723"
18	Christensen Ltd	Samuel Stevens	326-292-0450x0609	"084 Jonathan Course
East Ericton, VA 57826"
19	Mitchell-Smith	David Lee	+1-917-310-6819x4138	"1447 Kenneth Spurs
Danielchester, SD 98845"
20	Marshall Inc	Mr. Nathan Hamilton	(858)974-3982x1272	"921 Burns Rest Suite 933
New Elizabeth, WV 13777"
